Site,genus_bee,assemblyID,geneID,rel_abun,nor_abun,total,genus_total,sampleID,model_name,drug_class,mechanism,mge,Kingdom,Phylum,Class,Order,Family,Genus,bacteria_genus
Site1,Osmia,k71_48132,k71_48132_18779,0.000471223,27534,58430971.7,20934586.5,S1,,unclassified,antibiotic efflux;MFS Transporter,NA,Bacteria,Pseudomonadota,Gammaproteobacteria,Enterobacterales,Bruguierivoracaceae,Sodalis,Sodalis
Site1,Osmia,k71_48132,k71_48132_18803,0.000476665,27852,58430971.7,20934586.5,S1,mdfA,multidrug,antibiotic efflux;MFS Transporter,NA,Bacteria,Pseudomonadota,Gammaproteobacteria,Enterobacterales,Bruguierivoracaceae,Sodalis,Sodalis
Site1,Osmia,k71_48132,k71_48132_18814,0.000470299,27480,58430971.7,20934586.5,S1,,unclassified,antibiotic efflux;MFS Transporter,NA,Bacteria,Pseudomonadota,Gammaproteobacteria,Enterobacterales,Bruguierivoracaceae,Sodalis,Sodalis
Site1,Osmia,k71_72143,k71_72143_28216,0.000476802,27860,58430971.7,23710326.9,S1,mdtA,multidrug,antibiotic efflux;RND Antibiotic Efflux,NA,Bacteria,Pseudomonadota,Gammaproteobacteria,Enterobacterales,Bruguierivoracaceae,,Bruguierivoracaceae
Site1,Osmia,k71_72143,k71_72143_28217,0.001149356,67158,58430971.7,23710326.9,S1,,unclassified,antibiotic efflux;Other Efflux,NA,Bacteria,Pseudomonadota,Gammaproteobacteria,Enterobacterales,Bruguierivoracaceae,,Bruguierivoracaceae
Site1,Osmia,k71_72143,k71_72143_28218,0.00137896,80574,58430971.7,23710326.9,S1,,unclassified,antibiotic efflux;RND Antibiotic Efflux,NA,Bacteria,Pseudomonadota,Gammaproteobacteria,Enterobacterales,Bruguierivoracaceae,,Bruguierivoracaceae
Site1,Osmia,k71_72143,k71_72143_28273,0.000300457,17556,58430971.7,23710326.9,S1,,unclassified,antibiotic efflux;RND Antibiotic Efflux,NA,Bacteria,Pseudomonadota,Gammaproteobacteria,Enterobacterales,Bruguierivoracaceae,,Bruguierivoracaceae
Site1,Osmia,k71_99041,k71_99041_9547,0.000390854,22838,58430971.7,1147318.7,S1,bcrA,bacitracin,undefined,NA,Bacteria,Pseudomonadota,Gammaproteobacteria,Enterobacterales,Bruguierivoracaceae,,Bruguierivoracaceae
Site1,Osmia,k71_99041,k71_99041_9552,0.000492068,28752,58430971.7,1147318.7,S1,,unclassified,antibiotic efflux;MFS Transporter,NA,Bacteria,Pseudomonadota,Gammaproteobacteria,Enterobacterales,Bruguierivoracaceae,,Bruguierivoracaceae
Site10,Osmia,k71_37309,k71_37309_48161,0.002300732,1193280,518652372.4,116451940.8,S10,,unclassified,Antibiotic Target,NA,Bacteria,Pseudomonadota,Gammaproteobacteria,Enterobacterales,Bruguierivoracaceae,Sodalis,Sodalis
Site10,Osmia,k71_37309,k71_37309_48178,0.001249797,648210,518652372.4,116451940.8,S10,,unclassified,Aminotransferase;antibiotic inactivation,NA,Bacteria,Pseudomonadota,Gammaproteobacteria,Enterobacterales,Bruguierivoracaceae,Sodalis,Sodalis
Site10,Osmia,k71_37309,k71_37309_48191,0.000548344,284400,518652372.4,116451940.8,S10,CRP,multidrug,regulator,NA,Bacteria,Pseudomonadota,Gammaproteobacteria,Enterobacterales,Bruguierivoracaceae,Sodalis,Sodalis
Site10,Osmia,k71_37309,k71_37309_48199,0.000719403,373120,518652372.4,116451940.8,S10,rosB,fosmidomycin,undefined,NA,Bacteria,Pseudomonadota,Gammaproteobacteria,Enterobacterales,Bruguierivoracaceae,Sodalis,Sodalis
Site10,Osmia,k71_115135,k71_115135_45947,0.00267713,1388500,518652372.4,16577490,S10,vanS,glycopeptide,undefined,NA,Bacteria,Pseudomonadota,Gammaproteobacteria,Enterobacterales,Bruguierivoracaceae,Sodalis,Sodalis
Site10,Osmia,k71_116482,k71_116482_53941,0.001228376,637100,518652372.4,23299611.1,S10,vanS,glycopeptide,undefined,NA,Bacteria,Pseudomonadota,Gammaproteobacteria,Enterobacterales,Bruguierivoracaceae,Sodalis,Sodalis
Site10,Osmia,k71_116482,k71_116482_53946,0.000880744,456800,518652372.4,23299611.1,S10,,unclassified,antibiotic efflux;MFS Transporter,NA,Bacteria,Pseudomonadota,Gammaproteobacteria,Enterobacterales,Bruguierivoracaceae,Sodalis,Sodalis
Site10,Osmia,k71_30201,k71_30201_58482,0.000645481,334780,518652372.4,338752529.1,S10,,unclassified,antibiotic efflux;MFS Transporter,NA,Bacteria,Pseudomonadota,Gammaproteobacteria,Enterobacterales,Bruguierivoracaceae,Sodalis,Sodalis
Site10,Osmia,k71_30201,k71_30201_58488,0.000757579,392920,518652372.4,338752529.1,S10,rosA,fosmidomycin,antibiotic efflux;MFS Transporter,NA,Bacteria,Pseudomonadota,Gammaproteobacteria,Enterobacterales,Bruguierivoracaceae,Sodalis,Sodalis
Site10,Osmia,k71_111813,k71_111813_17645,0.001001249,519300,518652372.4,338752529.1,S10,,unclassified,antibiotic efflux;MFS Transporter,NA,Bacteria,Pseudomonadota,Gammaproteobacteria,Enterobacterales,Bruguierivoracaceae,,Bruguierivoracaceae
Site10,Osmia,k71_111813,k71_111813_17660,0.00129715,672770,518652372.4,338752529.1,S10,cpxA;vanS,multidrug,regulator,phage,Bacteria,Pseudomonadota,Gammaproteobacteria,Enterobacterales,Bruguierivoracaceae,,Bruguierivoracaceae
Site10,Osmia,k71_111813,k71_111813_17736,0.001379537,715500,518652372.4,338752529.1,S10,,unclassified,antibiotic efflux;MFS Transporter,NA,Bacteria,Pseudomonadota,Gammaproteobacteria,Enterobacterales,Bruguierivoracaceae,,Bruguierivoracaceae
Site10,Osmia,k71_111813,k71_111813_17774,0.000985554,511160,518652372.4,338752529.1,S10,,aminoglycoside,Acetyltransferase;antibiotic inactivation,NA,Bacteria,Pseudomonadota,Gammaproteobacteria,Enterobacterales,Bruguierivoracaceae,,Bruguierivoracaceae
Site10,Osmia,k71_125891,k71_125891_42867,0.000436207,226240,518652372.4,338752529.1,S10,vanS,glycopeptide,undefined,NA,Bacteria,Pseudomonadota,Gammaproteobacteria,Enterobacterales,Bruguierivoracaceae,,Bruguierivoracaceae
Site10,Osmia,k71_139491,k71_139491_47336,0.000336333,174440,518652372.4,338752529.1,S10,mdtG,multidrug,Efflux pump,NA,Bacteria,Pseudomonadota,Gammaproteobacteria,Enterobacterales,Bruguierivoracaceae,,Bruguierivoracaceae
Site10,Osmia,k71_139491,k71_139491_47360,0.00056857,294890,518652372.4,338752529.1,S10,,unclassified,Aminotransferase;antibiotic inactivation,NA,Bacteria,Pseudomonadota,Gammaproteobacteria,Enterobacterales,Bruguierivoracaceae,,Bruguierivoracaceae
Site10,Osmia,k71_139491,k71_139491_47384,0.001271083,659250,518652372.4,338752529.1,S10,vanS,glycopeptide,undefined,NA,Bacteria,Pseudomonadota,Gammaproteobacteria,Enterobacterales,Bruguierivoracaceae,,Bruguierivoracaceae
Site10,Osmia,k71_49083,k71_49083_13271,8.9775E-05,46562,518652372.4,338752529.1,S10,macB,MLS,ABC Transporter;antibiotic efflux,NA,Bacteria,Pseudomonadota,Gammaproteobacteria,Enterobacterales,Erwiniaceae,Pantoea,Pantoea
Site10,Osmia,k71_49083,k71_49083_13274,0.000189788,98434,518652372.4,338752529.1,S10,,unclassified,antibiotic inactivation;Beta-Lactamase,NA,Bacteria,Pseudomonadota,Gammaproteobacteria,Enterobacterales,Erwiniaceae,Pantoea,Pantoea
Site10,Osmia,k71_49083,k71_49083_13278,0.000163871,84992,518652372.4,338752529.1,S10,,unclassified,antibiotic efflux;MFS Transporter,NA,Bacteria,Pseudomonadota,Gammaproteobacteria,Enterobacterales,Erwiniaceae,Pantoea,Pantoea
Site10,Osmia,k71_49083,k71_49083_13279,0.000186657,96810,518652372.4,338752529.1,S10,,unclassified,antibiotic efflux;MFS Transporter,NA,Bacteria,Pseudomonadota,Gammaproteobacteria,Enterobacterales,Erwiniaceae,Pantoea,Pantoea
Site10,Osmia,k71_111836,k71_111836_18141,0.000167164,86700,518652372.4,338752529.1,S10,macB,MLS,undefined,phage,Bacteria,Pseudomonadota,Gammaproteobacteria,Enterobacterales,Erwiniaceae,Pantoea,Pantoea
Site10,Osmia,k71_133651,k71_133651_60940,9.50945E-05,49321,518652372.4,338752529.1,S10,,unclassified,antibiotic inactivation;Beta-Lactamase,NA,Bacteria,Pseudomonadota,Gammaproteobacteria,Enterobacterales,Erwiniaceae,Pantoea,Pantoea
Site10,Osmia,k71_133651,k71_133651_60943,9.77302E-05,50688,518652372.4,338752529.1,S10,tetX,tetracycline,undefined,NA,Bacteria,Pseudomonadota,Gammaproteobacteria,Enterobacterales,Erwiniaceae,Pantoea,Pantoea
Site10,Osmia,k71_153097,k71_153097_32834,0.000120304,62396,518652372.4,23299611.1,S10,kasugamycin resistance protein ksgA,aminoglycoside,undefined,NA,Bacteria,Pseudomonadota,Gammaproteobacteria,Enterobacterales,Erwiniaceae,Pantoea,Pantoea
Site10,Osmia,k71_17218,k71_17218_52439,0.000108836,56448,518652372.4,338752529.1,S10,,unclassified,Target Overexpression,phage,Bacteria,Pseudomonadota,Gammaproteobacteria,Enterobacterales,Erwiniaceae,Pantoea,Pantoea
Site10,Osmia,k71_2587,k71_2587_48070,0.000208039,107900,518652372.4,338752529.1,S10,bcrA,bacitracin,undefined,NA,Bacteria,Pseudomonadota,Gammaproteobacteria,Enterobacterales,Erwiniaceae,Pantoea,Pantoea
Site10,Osmia,k71_30459,k71_30459_62330,8.24464E-05,42761,518652372.4,338752529.1,S10,streptothricin_acetyltransferase,aminoglycoside,undefined,NA,Bacteria,Pseudomonadota,Gammaproteobacteria,Enterobacterales,Erwiniaceae,Pantoea,Pantoea
Site10,Osmia,k71_83961,k71_83961_6762,0.00015923,82585,518652372.4,338752529.1,S10,vanT,glycopeptide,undefined,NA,Bacteria,Pseudomonadota,Gammaproteobacteria,Enterobacterales,Erwiniaceae,Pantoea,Pantoea
Site10,Osmia,k71_84470,k71_84470_13230,0.000143564,74460,518652372.4,338752529.1,S10,,unclassified,D-ala D-ala Ligase,NA,Bacteria,Pseudomonadota,Gammaproteobacteria,Enterobacterales,Erwiniaceae,Pantoea,Pantoea
Site10,Osmia,k71_99468,k71_99468_41447,0.000141893,73593,518652372.4,338752529.1,S10,,unclassified,antibiotic efflux;MFS Transporter,NA,Bacteria,Pseudomonadota,Gammaproteobacteria,Enterobacterales,Erwiniaceae,Pantoea,Pantoea
Site10,Osmia,k71_56953,k71_56953_33366,0.00013043,67648,518652372.4,116451940.8,S10,bcrA,bacitracin,ABC Transporter;antibiotic efflux,NA,Bacteria,Pseudomonadota,Gammaproteobacteria,Enterobacterales,Erwiniaceae,,Erwiniaceae
Site10,Osmia,k71_7595,k71_7595_29523,0.000136373,70730,518652372.4,338752529.1,S10,,unclassified,antibiotic efflux;MFS Transporter,NA,Bacteria,Pseudomonadota,Gammaproteobacteria,Enterobacterales,Erwiniaceae,,Erwiniaceae
Site10,Osmia,k71_7595,k71_7595_29524,0.000119999,62238,518652372.4,338752529.1,S10,,unclassified,antibiotic efflux;MFS Transporter,NA,Bacteria,Pseudomonadota,Gammaproteobacteria,Enterobacterales,Erwiniaceae,,Erwiniaceae
Site10,Osmia,k71_7595,k71_7595_29529,0.000172385,89408,518652372.4,338752529.1,S10,,unclassified,antibiotic efflux;MFS Transporter,NA,Bacteria,Pseudomonadota,Gammaproteobacteria,Enterobacterales,Erwiniaceae,,Erwiniaceae
Site10,Osmia,k71_7595,k71_7595_29531,0.000139461,72332,518652372.4,338752529.1,S10,,unclassified,antibiotic efflux;MFS Transporter,NA,Bacteria,Pseudomonadota,Gammaproteobacteria,Enterobacterales,Erwiniaceae,,Erwiniaceae
Site10,Osmia,k71_7595,k71_7595_29541,0.000118769,61600,518652372.4,338752529.1,S10,resistance-nodulation-cell division (RND) antibiotic efflux pump,multidrug,antibiotic efflux;RND Antibiotic Efflux,NA,Bacteria,Pseudomonadota,Gammaproteobacteria,Enterobacterales,Erwiniaceae,,Erwiniaceae
Site10,Osmia,k71_7595,k71_7595_29542,0.000345773,179336,518652372.4,338752529.1,S10,,unclassified,antibiotic efflux;Other Efflux,NA,Bacteria,Pseudomonadota,Gammaproteobacteria,Enterobacterales,Erwiniaceae,,Erwiniaceae
Site10,Osmia,k71_7595,k71_7595_29595,7.1707E-05,37191,518652372.4,338752529.1,S10,macB,MLS,undefined,NA,Bacteria,Pseudomonadota,Gammaproteobacteria,Enterobacterales,Erwiniaceae,,Erwiniaceae
Site10,Osmia,k71_76641,k71_76641_2879,1.65683E-05,8593.2,518652372.4,338752529.1,S10,tolC,multidrug,undefined,NA,Bacteria,Pseudomonadota,Gammaproteobacteria,Enterobacterales,Erwiniaceae,,Erwiniaceae
Site10,Osmia,k71_85242,k71_85242_23781,5.75337E-05,29840,518652372.4,338752529.1,S10,bcrA,bacitracin,undefined,NA,Bacteria,Pseudomonadota,Gammaproteobacteria,Enterobacterales,Erwiniaceae,,Erwiniaceae
Site10,Osmia,k71_86390,k71_86390_34440,0.000153421,79572,518652372.4,338752529.1,S10,,unclassified,antibiotic efflux;MFS Transporter,NA,Bacteria,Pseudomonadota,Gammaproteobacteria,Enterobacterales,Erwiniaceae,,Erwiniaceae
Site10,Osmia,k71_65050,k71_65050_48822,7.22565E-05,37476,518652372.4,338752529.1,S10,macB,MLS,undefined,NA,Bacteria,Pseudomonadota,Gammaproteobacteria,Enterobacterales,Yersiniaceae,,Yersiniaceae
Site10,Osmia,k71_122111,k71_122111_53806,7.66988E-06,3978,518652372.4,338752529.1,S10,,unclassified,Antibiotic Target,NA,Bacteria,Bacillota,Bacilli,Bacillales,Bacillaceae,Bacillus,Bacillus
Site10,Osmia,k71_122883,k71_122883_59745,1.85604E-05,9626.4,518652372.4,338752529.1,S10,,unclassified,antibiotic efflux;MFS Transporter,NA,Bacteria,Bacillota,Bacilli,Bacillales,Bacillaceae,Bacillus,Bacillus
Site10,Osmia,k71_126177,k71_126177_52045,6.6561E-06,3452.2,518652372.4,338752529.1,S10,bcrA,bacitracin,undefined,NA,Bacteria,Bacillota,Bacilli,Bacillales,Bacillaceae,Bacillus,Bacillus
Site10,Osmia,k71_163531,k71_163531_62206,5.68377E-06,2947.9,518652372.4,338752529.1,S10,vanS,glycopeptide,undefined,NA,Bacteria,Bacillota,Bacilli,Bacillales,Bacillaceae,Bacillus,Bacillus
Site10,Osmia,k71_62614,k71_62614_6680,1.44929E-05,7516.8,518652372.4,338752529.1,S10,bcrA,bacitracin,undefined,NA,Bacteria,Bacillota,Bacilli,Bacillales,Bacillaceae,Bacillus,Bacillus
Site10,Osmia,k71_16605,k71_16605_43950,9.77842E-05,50716,518652372.4,338752529.1,S10,bacA,multidrug,Antibiotic target alteration,NA,,,,,,,Unassigned
Site10,Osmia,k71_16605,k71_16605_43961,0.000190154,98624,518652372.4,338752529.1,S10,resistance-nodulation-cell division (RND) antibiotic efflux pump; major facilitator superfamily (MFS) antibiotic efflux pump; ATP-binding cassette (ABC) antibiotic efflux pump,multidrug,ABC Transporter;antibiotic efflux,NA,,,,,,,Unassigned
Site10,Osmia,k71_16605,k71_16605_43972,9.09434E-05,47168,518652372.4,338752529.1,S10,,unclassified,Acetyltransferase;antibiotic inactivation,NA,,,,,,,Unassigned
Site10,Osmia,k71_16605,k71_16605_43983,0.00020615,106920,518652372.4,338752529.1,S10,,unclassified,antibiotic efflux;MFS Transporter,NA,,,,,,,Unassigned
Site10,Osmia,k71_16605,k71_16605_43991,0.000201777,104652,518652372.4,338752529.1,S10,,unclassified,Aminotransferase;antibiotic inactivation,NA,,,,,,,Unassigned
Site10,Osmia,k71_16605,k71_16605_43994,0.000121151,62835,518652372.4,338752529.1,S10,macB,MLS,undefined,NA,,,,,,,Unassigned
Site10,Osmia,k71_16605,k71_16605_44001,0.000159124,82530,518652372.4,338752529.1,S10,,unclassified,antibiotic efflux;MFS Transporter,NA,,,,,,,Unassigned
Site10,Osmia,k71_16605,k71_16605_44016,0.000295335,153176,518652372.4,338752529.1,S10,,unclassified,Antibiotic Target,NA,,,,,,,Unassigned
Site10,Osmia,k71_227,k71_227_4479,0.000298142,154632,518652372.4,338752529.1,S10,,unclassified,antibiotic efflux;Other Efflux,NA,,,,,,,Unassigned
Site10,Osmia,k71_37077,k71_37077_42730,0.000120709,62606,518652372.4,679072.3,S10,mdtK,multidrug,antibiotic efflux;Other Efflux,NA,,,,,,,Unassigned
Site10,Osmia,k71_37077,k71_37077_42733,9.72559E-05,50442,518652372.4,679072.3,S10,,unclassified,antibiotic efflux;MFS Transporter,NA,,,,,,,Unassigned
Site10,Osmia,k71_43423,k71_43423_59522,0.000473053,245350,518652372.4,116451940.8,S10,,unclassified,antibiotic efflux;Other Efflux,NA,,,,,,,Unassigned
Site10,Osmia,k71_43423,k71_43423_59580,0.001138315,590390,518652372.4,116451940.8,S10,mdtK,multidrug,antibiotic efflux;Other Efflux,NA,,,,,,,Unassigned
Site10,Osmia,k71_62748,k71_62748_7915,0.000587098,304500,518652372.4,338752529.1,S10,bcrA,bacitracin,undefined,NA,,,,,,,Unassigned
Site10,Osmia,k71_62748,k71_62748_7948,0.00112291,582400,518652372.4,338752529.1,S10,,unclassified,Antibiotic Target,NA,,,,,,,Unassigned
Site10,Osmia,k71_62748,k71_62748_7949,0.001113964,577760,518652372.4,338752529.1,S10,,unclassified,antibiotic efflux;MFS Transporter,NA,,,,,,,Unassigned
Site10,Osmia,k71_80707,k71_80707_61192,0.000135235,70140,518652372.4,12824716.5,S10,tetX,tetracycline,undefined,NA,,,,,,,Unassigned
Site10,Osmia,k71_80707,k71_80707_61210,0.000249107,129200,518652372.4,12824716.5,S10,,unclassified,Antibiotic Target,NA,,,,,,,Unassigned
Site10,Osmia,k71_8460,k71_8460_62927,7.45008E-05,38640,518652372.4,116451940.8,S10,,unclassified,antibiotic efflux;MFS Transporter,NA,,,,,,,Unassigned
Site10,Osmia,k71_89311,k71_89311_56671,9.67122E-05,50160,518652372.4,338752529.1,S10,mexT,multidrug,undefined,NA,,,,,,,Unassigned
Site2,Osmia,k71_119210,k71_119210_19432,0.001953575,185900,95158898.8,72498333.1,S2,,unclassified,Antibiotic Target,NA,Bacteria,Pseudomonadota,Gammaproteobacteria,Enterobacterales,Bruguierivoracaceae,Sodalis,Sodalis
Site2,Osmia,k71_113515,k71_113515_21653,0.0018942,180250,95158898.8,72498333.1,S2,macB,MLS,undefined,NA,Bacteria,Pseudomonadota,Gammaproteobacteria,Enterobacterales,Bruguierivoracaceae,,Bruguierivoracaceae
Site2,Osmia,k71_43849,k71_43849_10152,0.004829816,459600,95158898.8,18486735.6,S2,bcrA,bacitracin,undefined,NA,Bacteria,Pseudomonadota,Gammaproteobacteria,Enterobacterales,Bruguierivoracaceae,,Bruguierivoracaceae
Site2,Osmia,k71_66542,k71_66542_35438,0.003735016,355420,95158898.8,72498333.1,S2,,unclassified,antibiotic efflux;MFS Transporter,NA,Bacteria,Pseudomonadota,Gammaproteobacteria,Enterobacterales,Bruguierivoracaceae,,Bruguierivoracaceae
Site2,Osmia,k71_66542,k71_66542_35441,0.003378559,321500,95158898.8,72498333.1,S2,,unclassified,antibiotic efflux;MFS Transporter,NA,Bacteria,Pseudomonadota,Gammaproteobacteria,Enterobacterales,Bruguierivoracaceae,,Bruguierivoracaceae
Site2,Osmia,k71_18499,k71_18499_33706,0.002438027,232000,95158898.8,72498333.1,S2,,unclassified,antibiotic efflux;Other Efflux,NA,Bacteria,Pseudomonadota,Gammaproteobacteria,Enterobacterales,Enterobacteriaceae,,Enterobacteriaceae
Site2,Osmia,k71_18499,k71_18499_33707,0.001523557,144980,95158898.8,72498333.1,S2,,unclassified,antibiotic efflux;Other Efflux,NA,Bacteria,Pseudomonadota,Gammaproteobacteria,Enterobacterales,Enterobacteriaceae,,Enterobacteriaceae
Site2,Osmia,k71_18499,k71_18499_33708,0.003137279,298540,95158898.8,72498333.1,S2,,unclassified,antibiotic efflux;Other Efflux,NA,Bacteria,Pseudomonadota,Gammaproteobacteria,Enterobacterales,Enterobacteriaceae,,Enterobacteriaceae
Site2,Osmia,k71_18499,k71_18499_33730,0.001273869,121220,95158898.8,72498333.1,S2,arnA,polymyxin,undefined,NA,Bacteria,Pseudomonadota,Gammaproteobacteria,Enterobacterales,Enterobacteriaceae,,Enterobacteriaceae
Site3,Osmia,k71_112667,k71_112667_3373,8.74864E-05,4554.3,52057255.4,44687915.4,S3,kasugamycin resistance protein ksgA,aminoglycoside,undefined,NA,Bacteria,Pseudomonadota,Gammaproteobacteria,Enterobacterales,Erwiniaceae,Rosenbergiella,Rosenbergiella
Site3,Osmia,k71_118903,k71_118903_8448,0.000147109,7658.1,52057255.4,44687915.4,S3,bicyclomycin_multidrug_efflux_protein_bcr,multidrug,antibiotic efflux;MFS Transporter,NA,Bacteria,Pseudomonadota,Gammaproteobacteria,Enterobacterales,Erwiniaceae,Rosenbergiella,Rosenbergiella
Site3,Osmia,k71_77236,k71_77236_41662,6.56105E-05,3415.5,52057255.4,44687915.4,S3,macB,MLS,ABC Transporter;antibiotic efflux,NA,Bacteria,Pseudomonadota,Gammaproteobacteria,Enterobacterales,Erwiniaceae,Rosenbergiella,Rosenbergiella
Site3,Osmia,k71_65077,k71_65077_23032,5.52315E-05,2875.2,52057255.4,44687915.4,S3,arnA,polymyxin,undefined,NA,Bacteria,Pseudomonadota,Gammaproteobacteria,Enterobacterales,Erwiniaceae,,Erwiniaceae
Site4,Osmia,k71_115103,k71_115103_24106,0.005784412,201790,34885136.8,6522016.9,S4,,unclassified,antibiotic efflux;MFS Transporter,NA,Bacteria,Pseudomonadota,Gammaproteobacteria,Enterobacterales,Bruguierivoracaceae,,Bruguierivoracaceae
Site4,Osmia,k71_115103,k71_115103_24111,0.004808925,167760,34885136.8,6522016.9,S4,mexT,multidrug,undefined,NA,Bacteria,Pseudomonadota,Gammaproteobacteria,Enterobacterales,Bruguierivoracaceae,,Bruguierivoracaceae
Site4,Osmia,k71_85468,k71_85468_20185,0.002779407,96960,34885136.8,9357973.9,S4,,unclassified,Aminotransferase;antibiotic inactivation,NA,Bacteria,Pseudomonadota,Gammaproteobacteria,Enterobacterales,Bruguierivoracaceae,,Bruguierivoracaceae
Site4,Osmia,k71_85468,k71_85468_20221,0.014384063,501790,34885136.8,9357973.9,S4,vanS,glycopeptide,undefined,NA,Bacteria,Pseudomonadota,Gammaproteobacteria,Enterobacterales,Bruguierivoracaceae,,Bruguierivoracaceae
Site4,Osmia,k71_31401,k71_31401_25092,0.00352815,123080,34885136.8,14586715.4,S4,bcrA,bacitracin,undefined,NA,,,,,,,Unassigned
Site4,Osmia,k71_31401,k71_31401_25125,0.005962425,208000,34885136.8,14586715.4,S4,,unclassified,Antibiotic Target,NA,,,,,,,Unassigned
Site4,Osmia,k71_31401,k71_31401_25126,0.006120658,213520,34885136.8,14586715.4,S4,,unclassified,antibiotic efflux;MFS Transporter,NA,,,,,,,Unassigned
Site6,Osmia,k71_141865,k71_141865_5599,0.00055844,108750,194738971.1,57118334.2,S6,macB,MLS,undefined,NA,Bacteria,Pseudomonadota,Gammaproteobacteria,Enterobacterales,Bruguierivoracaceae,Sodalis,Sodalis
Site6,Osmia,k71_141865,k71_141865_5607,0.001759894,342720,194738971.1,57118334.2,S6,,unclassified,Antibiotic Target,NA,Bacteria,Pseudomonadota,Gammaproteobacteria,Enterobacterales,Bruguierivoracaceae,Sodalis,Sodalis
Site6,Osmia,k71_67146,k71_67146_46097,0.001159244,225750,194738971.1,116387055.3,S6,,unclassified,antibiotic efflux;MFS Transporter,NA,Bacteria,Pseudomonadota,Gammaproteobacteria,Enterobacterales,Bruguierivoracaceae,Sodalis,Sodalis
Site6,Osmia,k71_67146,k71_67146_46121,0.001248851,243200,194738971.1,116387055.3,S6,mdfA,multidrug,antibiotic efflux;MFS Transporter,NA,Bacteria,Pseudomonadota,Gammaproteobacteria,Enterobacterales,Bruguierivoracaceae,Sodalis,Sodalis
Site6,Osmia,k71_67146,k71_67146_46132,0.00105834,206100,194738971.1,116387055.3,S6,,unclassified,antibiotic efflux;MFS Transporter,NA,Bacteria,Pseudomonadota,Gammaproteobacteria,Enterobacterales,Bruguierivoracaceae,Sodalis,Sodalis
Site6,Osmia,k71_137260,k71_137260_47762,0.000415222,80860,194738971.1,17192328.2,S6,mdtG,multidrug,Efflux pump,NA,Bacteria,Pseudomonadota,Gammaproteobacteria,Enterobacterales,Bruguierivoracaceae,,Bruguierivoracaceae
Site6,Osmia,k71_137260,k71_137260_47786,0.000613128,119400,194738971.1,17192328.2,S6,,unclassified,Aminotransferase;antibiotic inactivation,NA,Bacteria,Pseudomonadota,Gammaproteobacteria,Enterobacterales,Bruguierivoracaceae,,Bruguierivoracaceae
Site6,Osmia,k71_137260,k71_137260_47810,0.001355045,263880,194738971.1,17192328.2,S6,vanS,glycopeptide,undefined,NA,Bacteria,Pseudomonadota,Gammaproteobacteria,Enterobacterales,Bruguierivoracaceae,,Bruguierivoracaceae
Site6,Osmia,k71_27976,k71_27976_33946,0.001573388,306400,194738971.1,17192328.2,S6,bcrA,bacitracin,undefined,NA,Bacteria,Pseudomonadota,Gammaproteobacteria,Enterobacterales,Bruguierivoracaceae,,Bruguierivoracaceae
Site6,Osmia,k71_34280,k71_34280_58133,0.000806824,157120,194738971.1,116387055.3,S6,,unclassified,antibiotic efflux;MFS Transporter,NA,Bacteria,Pseudomonadota,Gammaproteobacteria,Enterobacterales,Bruguierivoracaceae,,Bruguierivoracaceae
Site6,Osmia,k71_34280,k71_34280_58200,0.000580521,113050,194738971.1,116387055.3,S6,,unclassified,antibiotic efflux;MFS Transporter,NA,Bacteria,Pseudomonadota,Gammaproteobacteria,Enterobacterales,Bruguierivoracaceae,,Bruguierivoracaceae
Site6,Osmia,k71_34280,k71_34280_58220,0.001305542,254240,194738971.1,116387055.3,S6,bcrA,bacitracin,undefined,NA,Bacteria,Pseudomonadota,Gammaproteobacteria,Enterobacterales,Bruguierivoracaceae,,Bruguierivoracaceae
Site6,Osmia,k71_34280,k71_34280_58225,0.000936638,182400,194738971.1,116387055.3,S6,,unclassified,antibiotic efflux;MFS Transporter,NA,Bacteria,Pseudomonadota,Gammaproteobacteria,Enterobacterales,Bruguierivoracaceae,,Bruguierivoracaceae
Site6,Osmia,k71_59680,k71_59680_31718,0.000981005,191040,194738971.1,116387055.3,S6,,unclassified,antibiotic efflux;RND Antibiotic Efflux,NA,Bacteria,Pseudomonadota,Gammaproteobacteria,Enterobacterales,Bruguierivoracaceae,,Bruguierivoracaceae
Site6,Osmia,k71_59680,k71_59680_31719,0.003086028,600970,194738971.1,116387055.3,S6,acrB,multidrug,antibiotic efflux;Other Efflux,NA,Bacteria,Pseudomonadota,Gammaproteobacteria,Enterobacterales,Bruguierivoracaceae,,Bruguierivoracaceae
Site6,Osmia,k71_59680,k71_59680_31742,0.001302461,253640,194738971.1,116387055.3,S6,,unclassified,antibiotic efflux;MFS Transporter,NA,Bacteria,Pseudomonadota,Gammaproteobacteria,Enterobacterales,Bruguierivoracaceae,,Bruguierivoracaceae
Site6,Osmia,k71_59680,k71_59680_31748,0.001188103,231370,194738971.1,116387055.3,S6,,unclassified,antibiotic efflux;MFS Transporter,NA,Bacteria,Pseudomonadota,Gammaproteobacteria,Enterobacterales,Bruguierivoracaceae,,Bruguierivoracaceae
Site6,Osmia,k71_59680,k71_59680_31784,0.000719733,140160,194738971.1,116387055.3,S6,vanS,glycopeptide,undefined,NA,Bacteria,Pseudomonadota,Gammaproteobacteria,Enterobacterales,Bruguierivoracaceae,,Bruguierivoracaceae
Site6,Osmia,k71_105004,k71_105004_47312,2.43454E-05,4741,194738971.1,116387055.3,S6,,unclassified,antibiotic efflux;Other Efflux,NA,Bacteria,Pseudomonadota,Gammaproteobacteria,Enterobacterales,Yersiniaceae,Rahnella,Rahnella
Site6,Osmia,k71_117149,k71_117149_20205,2.33851E-05,4554,194738971.1,57118334.2,S6,,unclassified,antibiotic efflux;MFS Transporter,NA,Bacteria,Pseudomonadota,Gammaproteobacteria,Enterobacterales,Yersiniaceae,Rahnella,Rahnella
Site6,Osmia,k71_132983,k71_132983_49826,5.04419E-05,9823,194738971.1,57118334.2,S6,,unclassified,antibiotic efflux;RND Antibiotic Efflux,NA,Bacteria,Pseudomonadota,Gammaproteobacteria,Enterobacterales,Yersiniaceae,Rahnella,Rahnella
Site6,Osmia,k71_145782,k71_145782_55723,1.07944E-05,2102.1,194738971.1,57118334.2,S6,vanS,glycopeptide,undefined,NA,Bacteria,Pseudomonadota,Gammaproteobacteria,Enterobacterales,Yersiniaceae,Rahnella,Rahnella
Site6,Osmia,k71_145895,k71_145895_56053,6.11074E-05,11900,194738971.1,116387055.3,S6,bcrA,bacitracin,ABC Transporter;antibiotic efflux,NA,Bacteria,Pseudomonadota,Gammaproteobacteria,Enterobacterales,Yersiniaceae,Rahnella,Rahnella
Site6,Osmia,k71_29204,k71_29204_46500,3.56493E-05,6942.3,194738971.1,116387055.3,S6,arnA,polymyxin,Antibiotic target alteration,NA,Bacteria,Pseudomonadota,Gammaproteobacteria,Enterobacterales,Yersiniaceae,Rahnella,Rahnella
Site6,Osmia,k71_58199,k71_58199_2461,7.40684E-05,14424,194738971.1,17192328.2,S6,,unclassified,antibiotic efflux;MFS Transporter,NA,Bacteria,Pseudomonadota,Gammaproteobacteria,Enterobacterales,Yersiniaceae,Rahnella,Rahnella
Site6,Osmia,k71_58255,k71_58255_3325,5.65495E-05,11012.4,194738971.1,116387055.3,S6,,unclassified,Aminotransferase;antibiotic inactivation,NA,Bacteria,Pseudomonadota,Gammaproteobacteria,Enterobacterales,Yersiniaceae,Rahnella,Rahnella
Site6,Osmia,k71_64369,k71_64369_1332,3.50007E-05,6816,194738971.1,57118334.2,S6,CRP,multidrug,regulator,NA,Bacteria,Pseudomonadota,Gammaproteobacteria,Enterobacterales,Yersiniaceae,Rahnella,Rahnella
Site6,Osmia,k71_64369,k71_64369_1335,7.20349E-05,14028,194738971.1,57118334.2,S6,,unclassified,antibiotic efflux;MFS Transporter,NA,Bacteria,Pseudomonadota,Gammaproteobacteria,Enterobacterales,Yersiniaceae,Rahnella,Rahnella
Site6,Osmia,k71_72175,k71_72175_23359,7.49598E-05,14597.6,194738971.1,57118334.2,S6,ABC_tran,multidrug,undefined,NA,Bacteria,Pseudomonadota,Gammaproteobacteria,Enterobacterales,Yersiniaceae,Rahnella,Rahnella
Site6,Osmia,k71_79039,k71_79039_21124,4.14134E-05,8064.8,194738971.1,116387055.3,S6,bcrA,bacitracin,undefined,NA,Bacteria,Pseudomonadota,Gammaproteobacteria,Enterobacterales,Yersiniaceae,Rahnella,Rahnella
Site6,Osmia,k71_39594,k71_39594_20764,6.2784E-05,12226.5,194738971.1,57118334.2,S6,,unclassified,antibiotic efflux;MFS Transporter,NA,Bacteria,Pseudomonadota,Gammaproteobacteria,Enterobacterales,Yersiniaceae,,Yersiniaceae
Site6,Osmia,k71_84733,k71_84733_12528,8.83644E-05,17208,194738971.1,116387055.3,S6,bcrA,bacitracin,undefined,NA,Bacteria,Pseudomonadota,Gammaproteobacteria,Enterobacterales,Yersiniaceae,,Yersiniaceae
Site6,Osmia,k71_136043,k71_136043_13326,3.98195E-05,7754.4,194738971.1,57118334.2,S6,ompF,multidrug,undefined,NA,Bacteria,Pseudomonadota,Gammaproteobacteria,Enterobacterales,Yersiniaceae,,Yersiniaceae
Site6,Osmia,k71_117482,k71_117482_26632,0.000855915,166680,194738971.1,116387055.3,S6,mexT,multidrug,undefined,NA,Bacteria,Pseudomonadota,Gammaproteobacteria,Enterobacterales,Enterobacteriaceae,,Enterobacteriaceae
Site6,Osmia,k71_117482,k71_117482_26633,0.000827467,161140,194738971.1,116387055.3,S6,,unclassified,antibiotic efflux;MFS Transporter,NA,Bacteria,Pseudomonadota,Gammaproteobacteria,Enterobacterales,Enterobacteriaceae,,Enterobacteriaceae
Site6,Osmia,k71_70775,k71_70775_926,0.00105454,205360,194738971.1,57118334.2,S6,,unclassified,Aminotransferase;antibiotic inactivation,NA,Bacteria,Pseudomonadota,Gammaproteobacteria,Enterobacterales,Enterobacteriaceae,,Enterobacteriaceae
Site6,Osmia,k71_70775,k71_70775_945,0.001382774,269280,194738971.1,57118334.2,S6,bcrA,bacitracin,undefined,NA,Bacteria,Pseudomonadota,Gammaproteobacteria,Enterobacterales,Enterobacteriaceae,,Enterobacteriaceae
Site6,Osmia,k71_135409,k71_135409_2161,3.38361E-05,6589.2,194738971.1,57118334.2,S6,rosB,fosmidomycin,undefined,NA,Bacteria,Pseudomonadota,Gammaproteobacteria,Moraxellales,Moraxellaceae,Acinetobacter,Acinetobacter
Site6,Osmia,k71_14534,k71_14534_26770,0.000595669,116000,194738971.1,116387055.3,S6,bcrA,bacitracin,undefined,NA,,,,,,,Unassigned
Site6,Osmia,k71_14534,k71_14534_26803,0.001121501,218400,194738971.1,116387055.3,S6,,unclassified,Antibiotic Target,NA,,,,,,,Unassigned
Site6,Osmia,k71_14534,k71_14534_26804,0.001096442,213520,194738971.1,116387055.3,S6,,unclassified,antibiotic efflux;MFS Transporter,NA,,,,,,,Unassigned
Site6,Osmia,k71_20144,k71_20144_8975,0.000665506,129600,194738971.1,116387055.3,S6,,unclassified,antibiotic efflux;MFS Transporter,NA,,,,,,,Unassigned
Site6,Osmia,k71_45352,k71_45352_4000,4.83154E-05,9408.9,194738971.1,116387055.3,S6,,unclassified,antibiotic efflux;MFS Transporter,NA,,,,,,,Unassigned
Site6,Osmia,k71_45352,k71_45352_4003,5.66666E-05,11035.2,194738971.1,116387055.3,S6,mdtK,multidrug,antibiotic efflux;Other Efflux,NA,,,,,,,Unassigned
Site6,Osmia,k71_64988,k71_64988_8869,3.81922E-05,7437.5,194738971.1,116387055.3,S6,arnA,polymyxin,undefined,NA,,,,,,,Unassigned
Site7,Osmia,k71_29025,k71_29025_46332,0.002062282,284880,138138217.2,125555826.4,S7,,unclassified,antibiotic efflux;MFS Transporter,NA,Bacteria,Pseudomonadota,Gammaproteobacteria,Enterobacterales,Bruguierivoracaceae,,Bruguierivoracaceae
Site7,Osmia,k71_29025,k71_29025_46337,0.00161751,223440,138138217.2,125555826.4,S7,mexT,multidrug,undefined,NA,Bacteria,Pseudomonadota,Gammaproteobacteria,Enterobacterales,Bruguierivoracaceae,,Bruguierivoracaceae
Site7,Osmia,k71_64858,k71_64858_13281,0.002077919,287040,138138217.2,125555826.4,S7,,unclassified,antibiotic efflux;RND Antibiotic Efflux,NA,Bacteria,Pseudomonadota,Gammaproteobacteria,Enterobacterales,Bruguierivoracaceae,,Bruguierivoracaceae
Site7,Osmia,k71_64858,k71_64858_13282,0.006180332,853740,138138217.2,125555826.4,S7,acrB,multidrug,antibiotic efflux;Other Efflux,NA,Bacteria,Pseudomonadota,Gammaproteobacteria,Enterobacterales,Bruguierivoracaceae,,Bruguierivoracaceae
Site7,Osmia,k71_64858,k71_64858_13305,0.00280632,387660,138138217.2,125555826.4,S7,,unclassified,antibiotic efflux;MFS Transporter,NA,Bacteria,Pseudomonadota,Gammaproteobacteria,Enterobacterales,Bruguierivoracaceae,,Bruguierivoracaceae
Site7,Osmia,k71_64858,k71_64858_13311,0.002266064,313030,138138217.2,125555826.4,S7,,unclassified,antibiotic efflux;MFS Transporter,NA,Bacteria,Pseudomonadota,Gammaproteobacteria,Enterobacterales,Bruguierivoracaceae,,Bruguierivoracaceae
Site7,Osmia,k71_64858,k71_64858_13347,0.001460204,201710,138138217.2,125555826.4,S7,vanS,glycopeptide,undefined,NA,Bacteria,Pseudomonadota,Gammaproteobacteria,Enterobacterales,Bruguierivoracaceae,,Bruguierivoracaceae
Site7,Osmia,k71_72432,k71_72432_32534,0.00265314,366500,138138217.2,125555826.4,S7,,unclassified,antibiotic efflux;Other Efflux,NA,Bacteria,Pseudomonadota,Gammaproteobacteria,Enterobacterales,Bruguierivoracaceae,,Bruguierivoracaceae
Site7,Osmia,k71_72432,k71_72432_32545,0.001553227,214560,138138217.2,125555826.4,S7,bcrA,bacitracin,undefined,NA,Bacteria,Pseudomonadota,Gammaproteobacteria,Enterobacterales,Bruguierivoracaceae,,Bruguierivoracaceae
Site7,Osmia,k71_94800,k71_94800_40812,0.004677199,646100,138138217.2,125555826.4,S7,,unclassified,Antibiotic Target,NA,,,,,,,Unassigned
Site7,Osmia,k71_94800,k71_94800_40829,0.00266827,368590,138138217.2,125555826.4,S7,,unclassified,Aminotransferase;antibiotic inactivation,NA,,,,,,,Unassigned
Site7,Osmia,k71_94800,k71_94800_40842,0.001140162,157500,138138217.2,125555826.4,S7,CRP,multidrug,regulator,NA,,,,,,,Unassigned
Site7,Osmia,k71_94800,k71_94800_40850,0.00147157,203280,138138217.2,125555826.4,S7,rosB,fosmidomycin,undefined,NA,,,,,,,Unassigned
Site9,Osmia,k71_122546,k71_122546_47214,0.001799498,176506,98086269.2,41713236.1,S9,,unclassified,Antibiotic Target,NA,Bacteria,Pseudomonadota,Gammaproteobacteria,Enterobacterales,Bruguierivoracaceae,Sodalis,Sodalis
Site9,Osmia,k71_122546,k71_122546_47231,0.001075512,105493,98086269.2,41713236.1,S9,,unclassified,Aminotransferase;antibiotic inactivation,NA,Bacteria,Pseudomonadota,Gammaproteobacteria,Enterobacterales,Bruguierivoracaceae,Sodalis,Sodalis
Site9,Osmia,k71_122546,k71_122546_47244,0.000412372,40448,98086269.2,41713236.1,S9,CRP,multidrug,regulator,NA,Bacteria,Pseudomonadota,Gammaproteobacteria,Enterobacterales,Bruguierivoracaceae,Sodalis,Sodalis
Site9,Osmia,k71_122546,k71_122546_47252,0.000595833,58443,98086269.2,41713236.1,S9,rosB,fosmidomycin,undefined,NA,Bacteria,Pseudomonadota,Gammaproteobacteria,Enterobacterales,Bruguierivoracaceae,Sodalis,Sodalis
Site9,Osmia,k71_103746,k71_103746_11453,0.000872803,85610,98086269.2,41713236.1,S9,vanS,glycopeptide,undefined,NA,Bacteria,Pseudomonadota,Gammaproteobacteria,Enterobacterales,Bruguierivoracaceae,,Bruguierivoracaceae
Site9,Osmia,k71_110067,k71_110067_14780,0.000826211,81040,98086269.2,52816756.7,S9,mfpA,quinolone,undefined,NA,Bacteria,Pseudomonadota,Gammaproteobacteria,Enterobacterales,Bruguierivoracaceae,,Bruguierivoracaceae
Site9,Osmia,k71_121320,k71_121320_2748,0.001375116,134880,98086269.2,41713236.1,S9,rifampin_monooxygenase,rifamycin,undefined,NA,Bacteria,Pseudomonadota,Gammaproteobacteria,Enterobacterales,Bruguierivoracaceae,,Bruguierivoracaceae
Site9,Osmia,k71_50183,k71_50183_22597,0.000804088,78870,98086269.2,41713236.1,S9,,unclassified,antibiotic efflux;RND Antibiotic Efflux,NA,Bacteria,Pseudomonadota,Gammaproteobacteria,Enterobacterales,Bruguierivoracaceae,,Bruguierivoracaceae
Site9,Osmia,k71_50183,k71_50183_22598,0.002353296,230826,98086269.2,41713236.1,S9,acrB,multidrug,antibiotic efflux;Other Efflux,NA,Bacteria,Pseudomonadota,Gammaproteobacteria,Enterobacterales,Bruguierivoracaceae,,Bruguierivoracaceae
Site9,Osmia,k71_50183,k71_50183_22621,0.001015045,99562,98086269.2,41713236.1,S9,,unclassified,antibiotic efflux;MFS Transporter,NA,Bacteria,Pseudomonadota,Gammaproteobacteria,Enterobacterales,Bruguierivoracaceae,,Bruguierivoracaceae
Site9,Osmia,k71_50183,k71_50183_22627,0.000937991,92004,98086269.2,41713236.1,S9,,unclassified,antibiotic efflux;MFS Transporter,NA,Bacteria,Pseudomonadota,Gammaproteobacteria,Enterobacterales,Bruguierivoracaceae,,Bruguierivoracaceae
Site9,Osmia,k71_50183,k71_50183_22663,0.000586076,57486,98086269.2,41713236.1,S9,vanS,glycopeptide,undefined,NA,Bacteria,Pseudomonadota,Gammaproteobacteria,Enterobacterales,Bruguierivoracaceae,,Bruguierivoracaceae
Site9,Osmia,k71_50654,k71_50654_32831,0.000729643,71568,98086269.2,52816756.7,S9,,unclassified,antibiotic efflux;MFS Transporter,NA,Bacteria,Pseudomonadota,Gammaproteobacteria,Enterobacterales,Bruguierivoracaceae,,Bruguierivoracaceae
Site9,Osmia,k71_128615,k71_128615_32176,3.08851E-05,3029.4,98086269.2,52816756.7,S9,macB,MLS,ABC Transporter;antibiotic efflux,NA,Bacteria,Pseudomonadota,Gammaproteobacteria,Enterobacterales,Erwiniaceae,Erwinia,Erwinia
Site9,Osmia,k71_49265,k71_49265_8375,2.85912E-05,2804.4,98086269.2,52816756.7,S9,acrB,multidrug,antibiotic efflux;Other Efflux,NA,Bacteria,Pseudomonadota,Gammaproteobacteria,Enterobacterales,Erwiniaceae,Erwinia,Erwinia
Site9,Osmia,k71_91057,k71_91057_312,3.41883E-05,3353.4,98086269.2,41713236.1,S9,emrB;Klebsiella pneumoniae KpnH;major facilitator superfamily (MFS) antibiotic efflux pump,multidrug,antibiotic efflux;Efflux pump;MFS Transporter,NA,Bacteria,Pseudomonadota,Gammaproteobacteria,Enterobacterales,Erwiniaceae,Erwinia,Erwinia
Site9,Osmia,k71_27169,k71_27169_31519,0.004235863,415480,98086269.2,52816756.7,S9,,unclassified,Aminotransferase;antibiotic inactivation,NA,,,,,,,Unassigned
Site9,Osmia,k71_64762,k71_64762_48903,0.000480149,47096,98086269.2,41713236.1,S9,,unclassified,ABC Transporter;antibiotic efflux,NA,,,,,,,Unassigned
